word,random,relation,cosine_similarity
plodding,bombastic,random,0.24224582314491272
unpalatable,melancholic,random,0.30033957958221436
obliging,definite,random,0.2341475486755371
punishing,recombinant,random,0.1511348932981491
opposed,ionic,random,0.16146112978458405
conspiratorial,buttery,random,0.058391470462083817
behind,justified,random,0.2671774625778198
nice,profitable,random,0.2140224128961563
blank,unwrapped,random,0.3530718982219696
representative,unified,random,0.362380713224411
topped,separate,random,0.2214704155921936
interplanetary,apropos,random,0.12905746698379517
scotch,frowning,random,0.26717299222946167
tattered,disordered,random,0.43216168880462646
condemning,breathed,random,0.20400239527225494
proactive,hoarse,random,0.2397649586200714
conjugated,magnetized,random,0.25273430347442627
urinary,degenerative,random,0.18606632947921753
incidental,angled,random,0.27720481157302856
restrained,trying,random,0.28269776701927185
ungrateful,shaping,random,0.08229594677686691
undersea,consequent,random,0.16432660818099976
prevalent,fascinating,random,0.2787442207336426
adjusted,runny,random,0.2697412967681885
cracked,calcareous,random,0.23847106099128723
made,flint,random,0.27345067262649536
black,unabated,random,0.24374009668827057
textbook,asserting,random,0.17440779507160187
diurnal,forward,random,0.16010192036628723
alveolar,uncaring,random,0.16699449717998505
profitable,weighted,random,0.2671639919281006
randomised,refractory,random,0.25487858057022095
trivial,lawless,random,0.3987842798233032
stereoscopic,cubic,random,0.20253902673721313
polite,embezzled,random,0.2111792415380478
cherished,right,random,0.2073727697134018
undeniable,regressive,random,0.2360275238752365
forked,grandiose,random,0.14858946204185486
malaysian,colourful,random,0.24222426116466522
unreleased,intent,random,0.22640801966190338
median,didactic,random,0.19403094053268433
brute,sociological,random,0.20634545385837555
elect,lackluster,random,0.1768202781677246
approximate,unsatisfied,random,0.18891173601150513
admirable,reconciling,random,0.23127514123916626
autobiographical,efficient,random,0.244829922914505
unlisted,subterranean,random,0.1311233639717102
colorless,torn,random,0.2434655874967575
limp,sultry,random,0.3088555335998535
armored,bound,random,0.22734160721302032
clairvoyant,rampant,random,0.07895123958587646
hunched,deserving,random,0.1812918484210968
nether,mandibular,random,0.09099046885967255
supernatural,olympian,random,0.2599014639854431
situated,oriented,random,0.33599042892456055
unpatriotic,approximate,random,0.23618660867214203
photometric,cynical,random,0.08414065837860107
insinuating,radiating,random,0.1276579648256302
incredulous,usual,random,0.24217642843723297
sensory,atomic,random,0.22812947630882263
liturgical,fortunate,random,0.12751731276512146
routine,bronze,random,0.1131049171090126
sensuous,draconian,random,0.24491994082927704
borderline,solved,random,0.12360314279794693
wizard,transparent,random,0.26232045888900757
misty,haunted,random,0.3140164017677307
loath,generational,random,0.168021559715271
respectable,rose,random,0.21307647228240967
titled,home,random,0.2806971073150635
unprofitable,chartered,random,0.20742186903953552
brownish,dusty,random,0.2875480353832245
marbled,invisible,random,0.21615788340568542
abbreviated,thankful,random,0.1615418791770935
dismayed,absolute,random,0.25684356689453125
hepatic,statewide,random,0.15705643594264984
assistant,adhesive,random,0.18489767611026764
unproven,piezoelectric,random,0.024571985006332397
journalistic,exterior,random,0.23000314831733704
segregated,braced,random,0.20268574357032776
fiscal,carbonated,random,0.18289978802204132
turbulent,mammoth,random,0.04389025643467903
scorned,pyramidal,random,0.15363669395446777
statistical,mesmerizing,random,0.17341163754463196
blown,harmonized,random,0.22856859862804413
inebriated,prototypical,random,0.23381952941417694
helical,impacted,random,0.1883847415447235
sectioned,impulsive,random,0.151775062084198
bass,smashed,random,0.2338467389345169
select,obtuse,random,0.14356164634227753
countless,phylogenetic,random,0.18923324346542358
projecting,diseased,random,0.2301369160413742
proprietary,contextual,random,0.18272176384925842
cleft,tenfold,random,0.3238263726234436
imaginable,illuminated,random,0.180634006857872
regulated,intercollegiate,random,0.3153536319732666
entrenched,aromatic,random,0.20138075947761536
peerless,leisurely,random,0.34305521845817566
abreast,furthest,random,0.2971159517765045
computational,measly,random,0.14055278897285461
thematic,noticed,random,0.17410755157470703
premier,sultry,random,0.19717566668987274
greasy,superficial,random,0.3483690619468689
branching,impaired,random,0.17517437040805817
digital,recessed,random,0.2624809443950653
tangy,galactic,random,0.2561274766921997
modulated,speedy,random,0.17295336723327637
bumpy,tireless,random,0.265887588262558
puny,filthy,random,0.32023245096206665
blindfold,studious,random,0.29528146982192993
undying,fruitful,random,0.2589879035949707
unusable,eager,random,0.2582751512527466
