word,synonym,relation
revolved,rotated,synonym
ghastly,macabre,synonym
dodgy,dicey,synonym
biweekly,fortnightly,synonym
pouring,gushing,synonym
sceptical,doubting,synonym
superimposed,overlying,synonym
depicted,portrayed,synonym
circular,round,synonym
vivid,lifelike,synonym
implemented,enforced,synonym
subversive,insurgent,synonym
demonic,satanic,synonym
desirous,wishful,synonym
unwavering,steadfast,synonym
firstborn,eldest,synonym
fierce,ferocious,synonym
uptight,edgy,synonym
headlong,hasty,synonym
captivated,charmed,synonym
incisive,penetrating,synonym
resonant,resounding,synonym
wee,bitty,synonym
credible,believable,synonym
reinforced,strengthened,synonym
outmoded,passe,synonym
fascinating,gripping,synonym
annoying,galling,synonym
noted,famed,synonym
disguised,masked,synonym
ruinous,catastrophic,synonym
groundless,unfounded,synonym
clothed,clad,synonym
weird,uncanny,synonym
healing,therapeutic,synonym
aghast,appalled,synonym
neglected,ignored,synonym
loathsome,nauseating,synonym
sedate,staid,synonym
angered,enraged,synonym
twilight,dusky,synonym
frugal,sparing,synonym
underweight,scrawny,synonym
thrilling,electrifying,synonym
illustrious,famous,synonym
unforeseen,unanticipated,synonym
amalgamated,fused,synonym
toiling,labouring,synonym
baseless,unfounded,synonym
bracing,refreshing,synonym
intrepid,dauntless,synonym
ineffective,ineffectual,synonym
skilful,expert,synonym
amok,berserk,synonym
kindred,akin,synonym
squalid,sordid,synonym
flagging,drooping,synonym
vengeful,vindictive,synonym
nonsensical,preposterous,synonym
obstinate,stubborn,synonym
archetypal,prototypical,synonym
nautical,maritime,synonym
detrimental,damaging,synonym
dizzy,giddy,synonym
unavoidable,inescapable,synonym
desolate,barren,synonym
dreadful,horrendous,synonym
marooned,stranded,synonym
disgruntled,dissatisfied,synonym
puzzling,enigmatic,synonym
infertile,sterile,synonym
faithless,traitorous,synonym
deserved,merited,synonym
exhausting,draining,synonym
goofy,silly,synonym
flustered,perturbed,synonym
burdensome,taxing,synonym
unrivalled,peerless,synonym
tilted,leaning,synonym
baffled,bewildered,synonym
labored,strained,synonym
dirty,soiled,synonym
sensible,reasonable,synonym
everlasting,eternal,synonym
flourishing,prospering,synonym
colossal,stupendous,synonym
cloaked,masked,synonym
drunken,boozy,synonym
discouraged,disheartened,synonym
evoked,elicited,synonym
shouted,yelled,synonym
striking,spectacular,synonym
extended,prolonged,synonym
disgraceful,scandalous,synonym
coveted,desired,synonym
razed,demolished,synonym
unclean,soiled,synonym
snide,sneering,synonym
branched,forked,synonym
resettled,relocated,synonym
impregnable,unassailable,synonym
implanted,ingrained,synonym
rejoicing,jubilant,synonym
dreary,drab,synonym
enthralling,captivating,synonym
tart,tangy,synonym
agitating,provoking,synonym
concluded,ended,synonym
enamored,infatuated,synonym
hardworking,industrious,synonym
alluring,beguiling,synonym
