word1,word2,taxonomic_distance,cosine_similarity
vehicle,rocket,1,0.41765958070755
vehicle,missile,2,0.399020791053772
vehicle,sidewinder,3,0.2300472110509872
vehicle,craft,1,0.31938436627388
vehicle,aircraft,2,0.5161910653114319
vehicle,vessel,2,0.4321410655975342
vehicle,galley,3,0.2910890877246856
vehicle,ship,3,0.3632751703262329
vehicle,yacht,3,0.4439595341682434
vehicle,boat,3,0.5332422256469727
vehicle,hovercraft,2,0.3900501132011413
vehicle,spacecraft,2,0.4535176157951355
vehicle,starship,3,0.3966332972049713
vehicle,lander,3,0.2894325852394104
vehicle,steamroller,1,0.3341034948825836
vehicle,sled,1,0.3126727342605591
vehicle,bobsled,2,0.2530208230018616
vehicle,luge,2,0.2983015775680542
vehicle,toboggan,2,0.2369349598884582
rocket,missile,1,0.6806342601776123
rocket,sidewinder,2,0.191122829914093
rocket,craft,2,0.2601861953735351
rocket,aircraft,3,0.4889680743217468
rocket,vessel,3,0.2929809093475342
rocket,galley,4,0.3267166912555694
rocket,ship,4,0.3694578409194946
rocket,yacht,4,0.2791255712509155
rocket,boat,4,0.3341094553470611
rocket,hovercraft,3,0.3421863913536072
rocket,spacecraft,3,0.5830291509628296
rocket,starship,4,0.4978284835815429
rocket,lander,4,0.3123441934585571
rocket,steamroller,2,0.3870137929916382
rocket,sled,2,0.2884746789932251
rocket,bobsled,3,0.2536670863628387
rocket,luge,3,0.2851596474647522
rocket,toboggan,3,0.2441761791706085
missile,sidewinder,1,0.2149160057306289
missile,craft,3,0.1739765405654907
missile,aircraft,4,0.5315366983413696
missile,vessel,4,0.2537896633148193
missile,galley,5,0.3320008516311645
missile,ship,5,0.3032833933830261
missile,yacht,5,0.211097851395607
missile,boat,5,0.3356451988220215
missile,hovercraft,4,0.2721840739250183
missile,spacecraft,4,0.4801331460475921
missile,starship,5,0.367129385471344
missile,lander,5,0.320921927690506
missile,steamroller,3,0.3644075989723205
missile,sled,3,0.2790242433547973
missile,bobsled,4,0.182052731513977
missile,luge,4,0.2259263694286346
missile,toboggan,4,0.253271996974945
sidewinder,craft,4,0.1959739178419113
sidewinder,aircraft,5,0.2595909237861633
sidewinder,vessel,5,0.2239768505096435
sidewinder,galley,6,0.2953733205795288
sidewinder,ship,6,0.1616023778915405
sidewinder,yacht,6,0.2584353387355804
sidewinder,boat,6,0.2718440294265747
sidewinder,hovercraft,5,0.2136468738317489
sidewinder,spacecraft,5,0.2288691401481628
sidewinder,starship,6,0.2137337774038314
sidewinder,lander,6,0.3040127158164978
sidewinder,steamroller,4,0.2905978560447693
sidewinder,sled,4,0.1808815747499466
sidewinder,bobsled,5,0.2048042863607406
sidewinder,luge,5,0.2160762995481491
sidewinder,toboggan,5,0.2038130760192871
craft,aircraft,1,0.3201290369033813
craft,vessel,1,0.4559178650379181
craft,galley,2,0.437913030385971
craft,ship,2,0.4284678995609283
craft,yacht,2,0.3741398751735687
craft,boat,2,0.434874951839447
craft,hovercraft,1,0.3892134428024292
craft,spacecraft,1,0.3627087473869324
craft,starship,2,0.3124407529830932
craft,lander,2,0.2224979698657989
craft,steamroller,2,0.2442291527986526
craft,sled,2,0.2688136696815491
craft,bobsled,3,0.2767103314399719
craft,luge,3,0.3195125460624695
craft,toboggan,3,0.1960853934288025
aircraft,vessel,2,0.423114538192749
aircraft,galley,3,0.3880481719970703
aircraft,ship,3,0.3596581220626831
aircraft,yacht,3,0.3556035161018371
aircraft,boat,3,0.457590103149414
aircraft,hovercraft,2,0.3207316994667053
aircraft,spacecraft,2,0.5179961323738098
aircraft,starship,3,0.3749841153621673
aircraft,lander,3,0.3086229562759399
aircraft,steamroller,3,0.367782324552536
aircraft,sled,3,0.2457758784294128
aircraft,bobsled,4,0.2274426817893982
aircraft,luge,4,0.1974892616271972
aircraft,toboggan,4,0.1863841712474823
vessel,galley,1,0.6845404505729675
vessel,ship,1,0.5293698310852051
vessel,yacht,1,0.620132327079773
vessel,boat,1,0.7259718179702759
vessel,hovercraft,2,0.2777303457260132
vessel,spacecraft,2,0.493790715932846
vessel,starship,3,0.5721094012260437
vessel,lander,3,0.267133355140686
vessel,steamroller,3,0.3075828552246094
vessel,sled,3,0.2083271294832229
vessel,bobsled,4,0.2048163712024688
vessel,luge,4,0.2871899306774139
vessel,toboggan,4,0.1089294105768203
galley,ship,2,0.5573647022247314
galley,yacht,2,0.5936810374259949
galley,boat,2,0.6590883731842041
galley,hovercraft,3,0.3259345889091491
galley,spacecraft,3,0.4708942770957947
galley,starship,4,0.4808193445205688
galley,lander,4,0.2814672887325287
galley,steamroller,4,0.2954421639442444
galley,sled,4,0.2164637148380279
galley,bobsled,5,0.2542768716812134
galley,luge,5,0.2801229059696197
galley,toboggan,5,0.1493545323610305
ship,yacht,2,0.4857365190982818
ship,boat,2,0.5953255295753479
ship,hovercraft,3,0.3149407505989074
ship,spacecraft,3,0.4300237894058227
ship,starship,4,0.5869516134262085
ship,lander,4,0.2506746053695678
ship,steamroller,4,0.243923008441925
ship,sled,4,0.248186707496643
ship,bobsled,5,0.1952862739562988
ship,luge,5,0.3946636915206909
ship,toboggan,5,0.1915221810340881
yacht,boat,2,0.7571236491203308
yacht,hovercraft,3,0.2997452318668365
yacht,spacecraft,3,0.3639145493507385
yacht,starship,4,0.5314949750900269
yacht,lander,4,0.2429307997226715
yacht,steamroller,4,0.2548540830612182
yacht,sled,4,0.2602061033248901
yacht,bobsled,5,0.3346186578273773
yacht,luge,5,0.2076168209314346
yacht,toboggan,5,0.1239649653434753
boat,hovercraft,3,0.3402764499187469
boat,spacecraft,3,0.4444864988327026
boat,starship,4,0.5667616128921509
boat,lander,4,0.3307057023048401
boat,steamroller,4,0.4112586677074432
boat,sled,4,0.2631653547286987
boat,bobsled,5,0.3724015057086944
boat,luge,5,0.3160774111747741
boat,toboggan,5,0.1954352855682373
hovercraft,spacecraft,2,0.3883711099624634
hovercraft,starship,3,0.3148342370986938
hovercraft,lander,3,0.2423876821994781
hovercraft,steamroller,3,0.3474756181240082
hovercraft,sled,3,0.340590238571167
hovercraft,bobsled,4,0.3334655165672302
hovercraft,luge,4,0.292229026556015
hovercraft,toboggan,4,0.2588586211204529
spacecraft,starship,1,0.5332657098770142
spacecraft,lander,1,0.2424342632293701
spacecraft,steamroller,3,0.3087328672409057
spacecraft,sled,3,0.1873831897974014
spacecraft,bobsled,4,0.3003823161125183
spacecraft,luge,4,0.2291479259729385
spacecraft,toboggan,4,0.1632470041513443
starship,lander,2,0.249724268913269
starship,steamroller,4,0.2544321715831756
starship,sled,4,0.2106552720069885
starship,bobsled,5,0.205945149064064
starship,luge,5,0.3174083828926086
starship,toboggan,5,0.1438207328319549
lander,steamroller,4,0.3079177439212799
lander,sled,4,0.2710835039615631
lander,bobsled,5,0.1848178058862686
lander,luge,5,0.2615530490875244
lander,toboggan,5,0.2884513735771179
steamroller,sled,2,0.2456774711608886
steamroller,bobsled,3,0.3164901733398437
steamroller,luge,3,0.2334136515855789
steamroller,toboggan,3,0.2674493789672851
sled,bobsled,1,0.2459591329097747
sled,luge,1,0.5084185004234314
sled,toboggan,1,0.2532657384872436
bobsled,luge,2,0.3403131365776062
bobsled,toboggan,2,0.286267876625061
luge,toboggan,2,0.2801564335823059
