word,random,relation
plodding,bombastic,random
unpalatable,melancholic,random
obliging,definite,random
punishing,recombinant,random
opposed,ionic,random
conspiratorial,buttery,random
behind,justified,random
nice,profitable,random
blank,unwrapped,random
representative,unified,random
topped,separate,random
interplanetary,apropos,random
scotch,frowning,random
tattered,disordered,random
condemning,breathed,random
proactive,hoarse,random
conjugated,magnetized,random
urinary,degenerative,random
incidental,angled,random
restrained,trying,random
ungrateful,shaping,random
undersea,consequent,random
prevalent,fascinating,random
adjusted,runny,random
cracked,calcareous,random
made,flint,random
black,unabated,random
textbook,asserting,random
diurnal,forward,random
alveolar,uncaring,random
profitable,weighted,random
randomised,refractory,random
trivial,lawless,random
stereoscopic,cubic,random
polite,embezzled,random
cherished,right,random
undeniable,regressive,random
forked,grandiose,random
malaysian,colourful,random
unreleased,intent,random
median,didactic,random
brute,sociological,random
elect,lackluster,random
approximate,unsatisfied,random
admirable,reconciling,random
autobiographical,efficient,random
unlisted,subterranean,random
colorless,torn,random
limp,sultry,random
armored,bound,random
clairvoyant,rampant,random
hunched,deserving,random
nether,mandibular,random
supernatural,olympian,random
situated,oriented,random
unpatriotic,approximate,random
photometric,cynical,random
insinuating,radiating,random
incredulous,usual,random
sensory,atomic,random
liturgical,fortunate,random
routine,bronze,random
sensuous,draconian,random
borderline,solved,random
wizard,transparent,random
misty,haunted,random
loath,generational,random
respectable,rose,random
titled,home,random
unprofitable,chartered,random
brownish,dusty,random
marbled,invisible,random
abbreviated,thankful,random
dismayed,absolute,random
hepatic,statewide,random
assistant,adhesive,random
unproven,piezoelectric,random
journalistic,exterior,random
segregated,braced,random
fiscal,carbonated,random
turbulent,mammoth,random
scorned,pyramidal,random
statistical,mesmerizing,random
blown,harmonized,random
inebriated,prototypical,random
helical,impacted,random
sectioned,impulsive,random
bass,smashed,random
select,obtuse,random
countless,phylogenetic,random
projecting,diseased,random
proprietary,contextual,random
cleft,tenfold,random
imaginable,illuminated,random
regulated,intercollegiate,random
entrenched,aromatic,random
peerless,leisurely,random
abreast,furthest,random
computational,measly,random
thematic,noticed,random
premier,sultry,random
greasy,superficial,random
branching,impaired,random
digital,recessed,random
tangy,galactic,random
modulated,speedy,random
bumpy,tireless,random
puny,filthy,random
blindfold,studious,random
undying,fruitful,random
unusable,eager,random
